{
  "total_predictions": 500,
  "room_type_counts": {
    "Budget Room": 150,
    "Economy Room": 183,
    "Standard Room": 207,
    "Deluxe Room": 223,
    "Business Room": 233,
    "Junior Suite": 125,
    "Executive Suite": 207,
    "Family Suite": 135,
    "Presidential Suite": 115,
    "Royal Suite": 152
  },
  "user_type_counts": {
    "family_vacation": 66,
    "business_traveler": 82,
    "couple_romantic": 126,
    "solo_traveler": 101,
    "luxury_seeker": 79
  },
  "season_counts": {
    "spring": 125,
    "summer": 150,
    "fall": 125,
    "winter": 100
  },
  "day_type_counts": {
    "weekday": 350,
    "weekend": 150
  },
  "avg_compatibility": [
    91.8272098103192,
    62.198135958336486,
    78.63516134931535,
    67.2073592132758,
    60.49583445115356,
    59.13318362156775,
    82.04665711566012,
    56.71918883060382,
    1.0762571073963167,
    1.2590209839091537,
    60.46279660630157,
    34.25611095578833,
    60.65568136092331,
    21.69365216370551,
    57.18908360034477,
    39.587109791704975,
    89.96735533239305,
    18.081628417525543,
    49.259072021222075,
    50.069205351020194,
    52.05357655656411,
    20.59035693194039,
    86.99227120826124,
    63.024657242145565,
    80.60479341714405,
    43.93510543614552,
    8.937741177226922,
    88.83027684385385,
    8.96248814849302,
    25.122600421699758,
    6.742472058932647,
    83.82937501732228,
    63.79077899883513,
    41.42416710550396,
    97.91673700227147,
    40.14354670377287,
    4.837307318800965,
    91.21527608984259,
    62.730306617688235,
    65.82851539321153,
    9.631583523476861,
    28.443385998694836,
    44.37895654448868,
    85.6095950831571,
    19.648107568983576,
    98.33374514532764,
    21.09427840098266,
    54.12603414897428,
    75.96162503565284,
    88.69074307381662,
    61.50219198086694,
    83.60214756174605,
    33.45728386070246,
    10.393482761140527,
    63.27718700339125,
    4.75966334950142,
    44.27227995735687,
    80.44149764040435,
    80.52290955458842,
    41.700048676545244,
    29.078511110408133,
    72.76016345084759,
    44.41779260366482,
    35.65300812845689,
    24.820343194797335,
    45.16666412763384,
    97.16747499658526,
    55.195277554883624,
    20.771410972549532,
    6.899912361486882,
    72.00275089013931,
    28.06078947092101,
    75.45317723678932,
    60.33576865467292,
    40.12271841470869,
    52.477398354798495,
    34.85055944501969,
    2.8778394488880865,
    57.193492073888116,
    85.37654584028715,
    64.82175651399267,
    25.141879263725798,
    44.2213525837277,
    17.6458128880722,
    15.877361221417196,
    29.94682795670399,
    66.17170435978356,
    88.31455615190949,
    40.083826722243366,
    55.399971131209014,
    30.530174860140956,
    55.758268966309224,
    94.31207023294081,
    34.909419848425024,
    67.19586615007098,
    61.687234297251855,
    67.57843034166414,
    45.909178342887856,
    97.02335848022253,
    39.4980863264605,
    4.89363842327678,
    44.21660370581839,
    7.874281087805168,
    38.60626284362757,
    58.78652528873415,
    25.02085704323328,
    65.30808317700317,
    10.841093351032416,
    6.603321713397814,
    33.733880653111406,
    94.1450113576734,
    79.36627370449084,
    66.47285033904613,
    97.57049580220394,
    42.58645672550034,
    30.011772190211005,
    59.501672401434206,
    28.83092673623041,
    4.3557037544054715,
    6.648116620278143,
    18.103093688018525,
    96.28228458566652,
    96.29125787339609,
    41.102130530430436,
    87.81168317752454,
    54.833171090998704,
    92.79570831038383,
    54.19619777984883,
    98.25839081135777,
    18.10772524969817,
    34.17229021809969,
    85.9603807409651,
    78.77821320106555,
    51.709199861182334,
    82.7991597411418,
    23.286085923975396,
    22.653919442216306,
    38.72407516740882,
    52.7831117266434,
    54.566865583728074,
    90.76353337984185,
    25.217328140321072,
    60.98006402587103,
    81.84401627859889,
    75.67667789736733,
    98.73323377687392,
    64.7545101771296,
    83.16988972609886,
    4.66912044286275,
    34.22977333926583,
    5.981079530415512,
    78.87041655935487,
    68.14952294452277,
    92.26202505868137,
    88.55588563349222,
    29.283306042857415,
    48.478587858078015,
    25.338782599897726,
    49.70022254620861,
    36.02584629542619,
    67.95383970264068,
    71.55218061248128,
    7.264947161146562,
    32.35966645496574,
    84.30387466783124,
    41.26452659631333,
    79.90478798069594,
    85.72869225119081,
    11.939524515512623,
    1.3219158827493471,
    0.8966050622907562,
    91.05509475078604,
    57.52240364309912,
    10.99115152460115,
    34.47155058271556,
    14.055444976301878,
    10.567986473206581,
    40.521356356650195,
    82.34730006326294,
    57.322700700620445,
    90.75269464617969,
    47.711702961375636,
    3.2797980912838254,
    71.46373539816653,
    68.88987129240766,
    19.237500462340517,
    80.24988746445374,
    22.174942633204132,
    38.10365728259577,
    21.891286826020927,
    79.37810416064671,
    12.758689320847616,
    41.378505020416355,
    89.94490068165068,
    87.97472663299435,
    76.26007136710574,
    18.386314080085032,
    16.973436921396257,
    80.06018913845091,
    63.23636508423341
  ],