{
  "total_predictions": 505,
  "room_type_counts": {
    "Standard": 219,
    "Deluxe": 179,
    "Business": 226,
    "Junior Suite": 149,
    "Family Suite": 246,
    "Executive Suite": 190,
    "Presidential Suite": 238
  },
  "user_type_counts": {
    "family_vacation": 111,
    "business_traveler": 124,
    "couple_romantic": 95,
    "solo_traveler": 81,
    "luxury_seeker": 99
  },
  "season_counts": {
    "spring": 125,
    "summer": 150,
    "fall": 130,
    "winter": 100
  },
  "day_type_counts": {
    "weekday": 355,
    "weekend": 150
  },
  "avg_compatibility": [
    91.44157914227678,
    51.56135720167706,
    59.018133984025745,
    30.63549965920015,
    13.980670714538668,
    94.50846197943332,
    4.3414076571678395,
    90.47097130547337,
    14.563726570529257,
    25.464683942049106,
    94.22216757439884,
    68.8737662609769,
    39.00387688536182,
    38.86141465046964,
    15.82611937365983,
    58.3076706939038,
    97.25268314979519,
    71.43910754046674,
    85.01887619293744,
    39.2826583885855,
    50.93892502468261,
    57.515905702591205,
    22.616782138623805,
    4.115025910428704,
    23.81183897202722,
    30.39308528300243,
    27.406605171840027,
    20.228313630133275,
    0.018656913029213573,
    19.754651830417703,
    72.42132082166005,
    90.46523773983368,
    49.75026045219397,
    27.75219209512978,
    98.41329378140243,
    38.42118124101638,
    37.66208166300037,
    61.277600731925865,
    46.63029218466427,
    7.5670388094243535,
    65.64911999457469,
    71.90302666463853,
    53.72380127802659,
    69.29602322672986,
    40.0791885855009,
    59.01021772190028,
    17.405380591252715,
    23.148868070048557,
    34.906001053549865,
    59.367843076761815,
    10.151107636972567,
    86.88169801294188,
    27.922735673349997,
    20.0293513422783,
    52.37067957792255,
    4.8324764030220235,
    56.32176471375894,
    71.96766834783453,
    76.135624658045,
    85.72523629397408,
    45.7303091555046,
    32.848101498157526,
    91.21257338615453,
    40.94715565299333,
    89.74839803075211,
    31.754375720510254,
    87.92806307128278,
    28.10007632504479,
    32.37813862708152,
    91.54625870598832,
    8.6852501330408,
    5.496748941454122,
    47.46272256437207,
    20.391100576243424,
    55.75900760872338,
    65.98618125975007,
    71.79870874506533,
    16.49114162405675,
    50.64670843852927,
    51.59049140461407,
    23.286027358964635,
    91.10684511945988,
    14.185141721508444,
    50.298079645657744,
    96.13401994283957,
    58.637319121917386,
    37.87637429358336,
    56.681148249564814,
    23.388862252007204,
    50.193721755329,
    37.04133475326892,
    17.491941441202087,
    44.04136128156303,
    30.351035878034914,
    72.60945408251689,
    11.924808269813846,
    61.88960335119834,
    97.61878653098613,
    73.70691364558652,
    46.84355219465627,
    52.23369886013428,
    41.21803282881178,
    76.63271676280264,
    80.10788250328639,
    19.52309076484684,
    96.57159526436196,
    43.42338524875091,
    51.236009793187165,
    1.5279878175650463,
    32.730047614884974,
    28.33625641195433,
    60.73289169539289,
    49.852412267870584,
    90.21984578033717,
    8.009759411203088,
    30.727249331685393,
    40.857814243173564,
    65.67742177014917,
    74.02292208794545,
    81.40522706917771,
    68.07466806242543,
    7.913208366571922,
    9.062812582568702,
    57.80195613811896,
    33.46636901369383,
    9.705762978938747,
    44.1683153286437,
    85.78598718250362,
    63.01814445459131,
    38.60072170703446,
    71.58523387212531,
    22.698487536864942,
    93.85967110871167,
    23.8548528531918,
    2.626536559034409,
    67.41926167187657,
    0.027455504884876802,
    49.40699386908109,
    47.776878616516264,
    41.20810136441503,
    28.353476184750946,
    21.03933667257082,
    92.2401942725922,
    69.09347795190033,
    49.385275830984334,
    98.48636659789437,
    65.69376318128896,
    70.2445701408356,
    3.1024706909338784,
    46.29369879282961,
    22.399521140275837,
    81.56301438678008,
    25.57079882003732,
    81.70535284488376,
    19.735392083958182,
    33.255112193930245,
    62.54983056316535,
    17.232948718714415,
    27.807556674059775,
    18.60738433887076,
    16.59043281677589,
    66.78601564624427,
    15.526501659970304,
    34.09639651824812,
    5.927293971931413,
    47.392870273624,
    8.706825145174523,
    48.68270212608341,
    44.247363977222875,
    52.349114591898136,
    33.185287448537515,
    19.774575863503095,
    7.226080611781227,
    91.4580709463476,
    52.72528225709506,
    16.48233798507951,
    10.466828106732628,
    97.83987441947524,
    1.3316775982126772,
    4.458754252551566,
    29.219636955978288,
    6.984448623724604,
    7.6031642179239185,
    8.918980920874176,
    74.12582612804357,
    2.4044175941435375,
    40.18432101866956,
    57.27175364173619,
    98.07355078904487,
    50.654540172748405,
    89.49340689533906,
    81.85655480643841,
    91.61260329855149,
    64.02707062485793,
    41.79601632307111,
    85.92921968601752,
    97.59931887467475,
    55.13069788160213,
    3.294288244497401,
    58.27696338521022,
    73.77,
    80.78,
    64.81,
    21.5,
    18.17,
    13.8,
    12.32,
    74.67,
    80.61,
    67.85,
    21.49,
    17.29,
    14.0,
    12.12,
    89.76,
    74.87,
    67.26,
    51.74,
    24.67,
    12.0,
    9.99,
    73.77,
    80.78,
    64.81,
    21.5,
    18.17,
    13.8,
    12.32,
    73.77,
    80.78,
    64.81,
    21.5,
    18.17,
    13.8,
    12.32
  ],